{
  "name": "my-nodejs-weather-application",
  "version": "1.0.0",
  "description": "A unified Angular and Node.js weather application",
  "main": "server.js",
  "scripts": {
    "ng": "ng",
    "start": "node server.js",
    "build": "cd weather-application && ng build --configuration production --output-path=dist",
    "build-and-start": "npm run build && npm start",
    "test": "ng test",
    "lint": "ng lint",
    "frontend:start": "cd weather-application && ng serve --open",
    "frontend:test": "cd weather-application && ng test",
    "frontend:build": "cd weather-application && ng build"
  },
  "keywords": [],
  "author": "",
  "license": "ISC",
  "dependencies": {
    "@angular/animations": "^18.2.0",
    "@angular/common": "^18.2.0",
    "@angular/compiler": "^18.2.0",
    "@angular/core": "^18.2.0",
    "@angular/forms": "^18.2.0",
    "@angular/platform-browser": "^18.2.0",
    "@angular/platform-browser-dynamic": "^18.2.0",
    "@angular/router": "^18.2.0",
    "@babel/runtime": "^7.26.0",
    "@types/google.maps": "^3.58.1",
    "axios": "^1.7.7",
    "bootstrap": "^5.3.3",
    "bootstrap-icons": "^1.11.3",
    "chokidar": "3.6.0",
    "dotenv": "^16.4.5",
    "express": "^4.21.1",
    "highcharts-angular": "^4.0.1",
    "mongodb": "^6.10.0",
    "readdirp": "3.6.0",
    "rxjs": "~7.8.0",
    "semver": "^7.6.3",
    "tslib": "^2.3.0",
    "zone.js": "~0.14.10"
  },
  "devDependencies": {
    "@angular-devkit/build-angular": "^18.2.11",
    "@angular/cli": "^18.2.11",
    "@angular/compiler-cli": "^18.2.0",
    "@types/jasmine": "~5.1.0",
    "jasmine-core": "~5.2.0",
    "karma": "~6.4.0",
    "karma-chrome-launcher": "~3.2.0",
    "karma-coverage": "~2.2.0",
    "karma-jasmine": "~5.1.0",
    "karma-jasmine-html-reporter": "~2.1.0",
    "typescript": "~5.5.2"
  },
  "engines": {
    "node": ">=14"
  },
  "private": true
}
